Set,Steps,Position MSE Mean,Position MSE Std,Velocity MSE Mean,Velocity MSE Std
train,10,6626788537.973935,6262069604.727137,0.14767005593325963,0.009991078343173893
train,100,21769868890.271423,12925959786.95799,0.14288802002580855,0.01067228580511613
train,500,24660833355.7205,14599521479.737337,0.14061030873752117,0.01061962196954931
val,10,7230971077.898252,7672038379.010854,0.14746663406854943,0.010317989841256288
val,100,23292406993.62541,14136268292.832434,0.14187951021562512,0.010421214890744067
val,500,26439097330.728695,15955175379.71079,0.1389378876113365,0.012726757002191485
test,10,3722352750.4138656,1314419002.9042664,0.1292536713573494,0.006067961721424135
test,100,20566121683.380302,10368941008.385006,0.1258741447911212,0.0068183129985780475
test,500,23970762076.247993,12758019356.046993,0.12994882002821867,0.006664836589619097
