Set,Steps,Position MSE Mean,Position MSE Std,Velocity MSE Mean,Velocity MSE Std
train,10,49199834.98817137,2720729.974018048,0.5800676553556655,9.3018367697056e-05
train,100,47972214.54004337,3002548.3839807045,0.5510799210888947,0.0001811160346294997
train,500,48155187.96646822,2849536.28522457,0.3946831433677795,0.00036729089968884045
val,10,48901023.64894913,2782486.001275573,0.580090677478255,7.645375418424053e-05
val,100,48432953.42145504,2933169.2605613577,0.5510405028384845,0.00018198656740461914
val,500,48514773.730930656,2871439.9285526886,0.3945859504431046,0.00027788932930461225
test,10,49137788.522805765,2734294.598962428,0.5800709176719785,9.061659169526496e-05
test,100,48064229.900069095,2994352.1522878017,0.5511099930098228,0.0001784743184599154
test,500,48227079.384246126,2857530.771927534,0.39472138390672873,0.00035181252981874043
