Set,Steps,Position MSE Mean,Position MSE Std,Velocity MSE Mean,Velocity MSE Std
train,10,71812725.2054208,22498334.548229754,0.618681441397704,0.0005333105375156152
train,100,77395794.2983937,24319972.10288003,0.589185541197721,0.0008628646372211507
train,500,77312428.03898896,24560904.484679926,0.4258850363155179,0.0008414030714667155
val,10,70308767.53419788,23670820.720585573,0.6186782687809156,0.0005708079864312059
val,100,76399814.50634353,25845722.310977418,0.5891109214048738,0.0009061178876842113
val,500,76479313.54934795,26150686.511811618,0.4258685668564234,0.0008994662999602665
test,10,71510547.63191299,22745301.28744443,0.6186800203860823,0.0005410045235155252
test,100,77196321.54001264,24635829.720620256,0.5891641411257054,0.000872096450774673
test,500,77145750.92782035,24889202.07697186,0.4258878155738369,0.0008532955468590848
