Set,Steps,Position MSE Mean,Position MSE Std,Velocity MSE Mean,Velocity MSE Std
train,10,50108330.144402474,3271498.9665336753,0.6191579101830675,0.00017765373404353828
train,100,51517701.07070711,3795821.490461977,0.5900112811006352,0.0004814507944433831
train,500,51888341.45255108,3713762.0659886803,0.42722290042136,0.0007639834460605999
val,10,49938530.47857239,3463644.5988834114,0.61915697394008,0.00019074774562507338
val,100,50849783.46709737,3591343.030194913,0.5899825231152087,0.0005068540099248961
val,500,51180220.210756905,3427946.3966108314,0.4272267640331985,0.0008208034494269854
test,10,50073924.913533926,3311767.3276473763,0.6191569122596254,0.00018035200275340912
test,100,51384092.96866542,3765226.925732759,0.5899990493464305,0.0004866442675222257
test,500,51746713.10084126,3669323.5247996724,0.42722975930208174,0.0007755800831554578
