Set,Steps,Position MSE Mean,Position MSE Std,Velocity MSE Mean,Velocity MSE Std
train,10,672037109.6997318,558456648.9702821,0.1551386827151452,0.009301423904087627
train,100,4.0246240542404897e+26,1.0349920488103045e+27,490384356071224.56,1261096486290162.2
train,500,9261886710.100933,15406119985.201777,0.15338653772378816,0.00985651261616292
val,10,425652916.9230168,363254230.6724937,0.1552200244842651,0.010075860951871456
val,100,9.297905387568074e+25,2.629844780152128e+26,113291278399049.08,320436124821042.06
val,500,9210981525.52984,15353881097.08973,0.15169737970668118,0.009787311161743783
test,10,542799909.553353,493078905.74431425,0.1343486917368437,0.0022228048410398507
test,100,1.5223714211170464e+26,3.0447428422340927e+26,185494888434774.62,370989776869549.0
test,500,9265998496.353096,15341595508.941936,0.14076311461889227,0.0032179908516103586
