Set,Steps,Position MSE Mean,Position MSE Std,Velocity MSE Mean,Velocity MSE Std
train,10,42944904.91901793,4643410.243746109,0.580251996237011,7.605965478991375e-05
train,100,42353843.07315337,4776840.471580142,0.5512102415501863,0.0001780453448132649
train,500,43071650.73982391,3575325.406328074,0.39497855700294604,0.0006894842921403114
val,10,43155379.666252464,4928161.102303191,0.5802393704632629,7.221051920140821e-05
val,100,42459233.59391115,5098032.395143097,0.5512040740780431,0.00015725907135750894
val,500,43273876.77584026,3779162.7745387633,0.39502326318403974,0.0007030476534534221
test,10,42986558.298281334,4703236.729475274,0.5802478931281236,7.534649286219478e-05
test,100,42374648.05373188,4842967.134508436,0.5512469935006895,0.00017039604133163257
test,500,43112039.57401321,3617883.0471067764,0.3950452223342823,0.0006918917355226952
