Set,Steps,Position MSE Mean,Position MSE Std,Velocity MSE Mean,Velocity MSE Std
train,10,1410323163.6202195,2244743367.038788,0.15490040219399365,0.009395013931412488
train,100,23766667815.302097,45123243758.527176,0.1529849848603116,0.010347254969612658
train,500,33023060922.347298,63303455334.30318,0.14982114495824306,0.010586403191237315
val,10,1023569928.8738332,1618998072.7735407,0.1552515820768006,0.01046947634060859
val,100,26529414068.319687,46562802137.38785,0.15167531744573198,0.010758210484776324
val,500,37447038617.93144,66302087626.70708,0.14912228307952274,0.013044918462563148
test,10,489969311.1346601,395051054.2775679,0.13445776377790908,0.002412166452660994
test,100,22886691757.880707,42580578567.59414,0.13322263220803898,0.004801488170932588
test,500,33644812109.119225,63395025598.467155,0.13750064078971094,0.006137370396909509
