Set,Steps,Position MSE Mean,Position MSE Std,Velocity MSE Mean,Velocity MSE Std
train,10,50334974.056991704,2158490.124196166,0.6192491666733393,0.00010246131134761291
train,100,52692333.98257479,3948447.953302329,0.5900055255676436,0.0005126291982155074
train,500,50607531.907636106,5472779.6441152105,0.42719602898051284,0.000848798108375975
val,10,50002094.61194049,2106857.2143185367,0.6192631856338253,0.00010228958071593643
val,100,51792162.105877586,3366557.996255681,0.5900820104512297,0.000498762255767955
val,500,49154781.37369038,4164846.321227847,0.4273833065015814,0.0007293064532524849
test,10,50268445.892646395,2152150.642470062,0.6192511235749931,0.00010256741809280466
test,100,52512090.37170841,3856119.555389199,0.5900144354323114,0.0005106149092327645
test,500,50316882.0222559,5269597.057218332,0.4272398073523608,0.0008296170105316416
