Set,Steps,Position MSE Mean,Position MSE Std,Velocity MSE Mean,Velocity MSE Std
train,10,77637715.00500676,31598289.757972118,0.5799996892233018,0.0004565890952227697
train,100,73231446.58627425,23041446.870414674,0.5519137782429033,0.001479045710284034
train,500,69967100.12348534,27088504.891806364,0.3958572760513494,0.0011328174867380836
val,10,69848820.0617565,25609579.7711768,0.5800641176813589,0.0004534683149269953
val,100,68532842.76645201,20739910.789721932,0.5520883657553026,0.0015004576911064054
val,500,65169067.45447353,25582148.948576663,0.39605061221108545,0.0010545038069712676
test,10,76082949.95927498,30654268.50248114,0.5800110130600122,0.000456954432871013
test,100,72291877.03643198,22678376.664556544,0.5519867215920409,0.001484658161090708
test,500,69007539.93575557,26862682.572910324,0.39595382669838985,0.0011194011189741234
